PC1;PC2;PC3;PC4;PC5;PC6
1.102713915;1.601686452;0.929938466;-0.215425187;-1.107705608;1.51995608
-1.823235546;1.753908883;-0.505226151;-2.066688138;-1.287144551;-0.13282908
3.400690409;0.416674988;1.065762824;-0.90283879;-0.654655256;-0.302308377
0.521005703;0.642362759;-1.90761071;2.385660641;-1.110880998;-0.775723653
0.931231865;-0.478551667;0.940903238;0.089285058;-0.117889266;2.06184858
-0.397606543;-1.350859972;-0.192244303;0.543856524;-1.215399995;-1.092910704
-5.179179827;-1.851928814;0.880017796;-0.035095672;0.016008082;-1.595948194
-1.821282427;1.473998788;-1.86389114;-0.239424376;0.802254818;-0.72599615
-2.27340211;-0.007788327;1.952539619;-2.109549341;-2.032862959;0.011755165
2.561179777;-0.547483721;1.02998971;-1.348385232;1.955182787;0.065730309
1.308525182;-0.654035618;-0.298319108;1.316274033;0.958009146;0.786489465
-2.581557986;-2.461043641;2.110015625;3.609042156;0.731735759;0.48483406
-0.926481573;-2.473486917;-0.883194022;1.292733889;-0.919872086;0.233305412
2.988973969;4.036954693;-0.61609072;-0.13121896;-1.409199332;-1.378509404
1.084954436;-0.43336508;2.3416132;2.991600165;-0.344562009;-1.490499145
-0.243097673;-0.321549911;3.967952551;-0.216146655;0.275117968;0.48577545
1.173191517;-0.629477904;-1.732136377;-2.005202825;0.515645051;-0.504805702
2.383996927;-1.130505909;-2.117713139;1.168016619;-1.317683297;0.094331354
-0.877825341;0.998249344;-0.86113699;0.627845888;0.761100975;0.177388086
1.37361695;-0.409211799;1.709273583;-0.996837933;-0.479185363;1.208290097
0.8930265;-3.034641455;1.47861266;1.9716494;1.866969839;0.98569443
0.250349013;-0.140675251;1.412072638;-3.10577714;-0.696348019;-0.424886037
-0.516809007;-0.763965015;2.748641621;-1.944779772;0.488698265;-2.54359022
-0.392723742;1.545010824;0.783341415;0.64720535;0.350098493;0.609915373
-2.427461136;-1.150648623;1.183374755;0.456676044;0.559070444;1.712283374
-1.111047238;-2.284038098;2.06949191;-0.338231463;0.850737097;-1.122714714
0.46127761;-2.018581508;-1.400730435;1.086467474;-1.285415528;0.049210297
-0.407604926;0.831824555;-1.40363756;0.614669815;-0.526950437;-0.865045758
0.217175122;0.276445155;-0.956157697;2.729631417;-1.439501208;-1.094730981
0.610038971;-1.482237533;-5.29643698;0.565818404;0.510559392;0.698432568
-3.21867791;3.032852639;0.76856459;1.426837997;1.648317885;0.210624807
-2.802631762;2.161758777;-1.096259446;-0.744510049;-0.36074082;0.326043843
0.943343116;0.449399979;-2.229127132;0.051309811;-1.135873779;0.02843658
-1.010249076;-1.039922035;-1.541806042;1.756325561;0.136627374;0.313168764
2.00758194;0.256737126;-2.569266166;0.064105293;0.885693617;2.098652818
1.70776688;3.269511982;1.822142839;-0.64927098;-0.810546107;-0.397430059
-0.66845685;-0.434118346;0.644679006;0.90282359;-4.006891557;1.951275549
0.123860315;0.541940659;-0.260123634;-1.729672749;-1.247153855;-0.802178909
0.724649946;0.52781102;1.150697975;0.986109338;3.010726248;-0.000697744
0.337288088;-1.73169663;0.394049854;-0.861760176;-1.309569641;1.600390223
-0.670012172;0.765572493;-1.930985134;2.007702546;1.085386574;1.660266715
3.246961908;-2.055108803;2.813257227;0.770295773;3.642461193;-2.455829816
-5.087982967;-1.273994215;-0.406082408;-0.432600226;0.756772896;-2.688968475
-1.457323978;-1.117194442;-1.30960417;-2.650578125;-0.79953743;-0.434314251
-1.040843686;-1.2901162;-1.44683306;-0.342450056;1.625339858;0.886052791
-2.033915961;0.946302673;0.73041771;0.293336262;-1.820270014;0.130199878
2.32324582;1.603908341;-1.572853605;2.017966335;1.111732813;-0.979533669
0.119719263;1.759220119;-0.59947197;-1.83348771;0.301120905;-0.413754675
-2.052213714;-0.324096171;-1.266317945;-1.08577167;-0.34117511;0.730080392
1.524027856;-1.281562122;0.186731979;-0.085445442;-1.932308052;-2.708212365
-0.815657296;-0.529313949;1.382182201;-0.238395395;-0.532295957;-0.923541454
-0.866491533;0.595582735;1.341617123;-1.478486373;-0.588075913;-1.121669577
0.217923622;-0.444598616;2.573021723;1.271687533;-0.098242442;-1.591929808
1.175019332;-2.233588158;-0.643792271;0.363305264;2.628637876;1.447387808
-1.563774178;-0.643053399;-0.381712831;-0.834230371;-0.875684038;-0.509417659
0.701026095;-0.184506064;-0.380941089;0.080132569;-0.226762996;1.927060453
-1.629579606;0.416899742;1.67736926;-0.86111367;-0.119714789;-1.294732261
0.525468651;-1.104452995;0.044828463;-0.866789648;0.517227595;0.807036877
-1.267806224;3.732295326;1.175673636;-0.127133118;0.867319674;0.121219184
3.324416717;-0.328870395;0.474740799;0.449773646;0.94219832;-0.165184402
-1.465821957;-2.052985284;-0.871115177;2.842827549;-0.536812551;0.862542213
0.580701566;2.546015807;-1.644995184;0.475245806;0.815177121;-0.211970182
-2.008464336;1.795742292;-0.91618347;-0.022808297;1.345706373;-0.76420768
-0.873097156;-2.016328785;0.939779913;1.141397361;1.145126686;0.264357008
-0.640450726;0.968873544;2.107929226;3.135751976;-0.088193678;1.971403763
4.551562024;-4.165653176;2.301803539;0.255231645;-1.190231036;-1.937631915
0.07105396;-3.411632366;0.996281576;1.250372823;1.162028203;0.39364159
2.727177889;1.037771183;2.616580636;-1.731775307;2.002907591;1.049816208
-2.934826633;1.064084603;1.901884331;-0.599985418;1.480558157;-0.65060978
0.903070577;0.717738036;0.009431238;-2.137697259;-0.734371184;-2.6646468
-0.184381892;-2.402090865;0.746835759;0.091210271;1.142991027;1.709145413
1.139158991;-1.162133186;-1.025187708;1.25315979;-0.250152558;-0.080425623
-3.682019609;0.271031524;0.165315833;-0.538676262;0.127601943;0.073328345
0.608516389;1.985308993;0.61476489;-0.5742184;0.33933557;0.024858858
-2.082067917;0.506683204;-0.784357785;-0.54410856;0.158631478;0.743290423
-1.63195422;-2.816205414;1.647859022;2.332200633;-0.343088864;0.631115445
0.214724297;-1.981584048;-0.938158808;-0.548143807;-2.099856991;1.062667568
0.33029726;1.717121218;-2.360500992;-0.145264694;-0.1082501;0.834866014
0.465044009;3.961007974;0.223242421;-2.919002193;-1.686142067;-0.55803434
-1.344170029;-0.609740955;3.271273254;2.586375395;-0.70379456;-0.166623441
1.380046331;1.062720576;-2.167603236;0.103035221;1.575682773;-0.861197797
-1.014480513;0.081854064;0.20107165;-1.50156752;0.669151285;1.976615079
0.655743218;-1.04978918;-0.685695844;1.190840468;-1.302647647;0.257582751
-2.491627828;-0.992299738;-2.103655879;-0.531531818;0.024493115;-0.063891307
1.176417678;-0.616535534;-1.353362016;-0.706851423;2.425578501;1.103318564
-0.19153227;-0.665010977;0.794233093;0.292759731;1.079105901;-2.39447074
0.980809384;0.615913683;-0.026080858;-0.127425359;0.02726761;-0.683579855
0.768881932;-3.486462371;1.827702182;0.399294116;-1.937190588;2.210042577
3.529344632;0.445155419;1.376894717;-0.168937829;0.645801429;-0.667285482
-0.295539233;-3.697505773;-0.552190134;0.993914743;-2.251551566;0.362878834
-0.571083964;1.05836163;-1.699446096;-1.703912685;1.433622048;-1.209538174
-1.486830676;1.643254605;0.539637971;-1.460482902;0.21083967;1.863018927
0.664091158;-2.359897222;1.595088488;-3.20303408;-1.055942708;0.056777125
0.56176169;0.31036327;0.176106771;-0.002408984;-2.464527008;-2.448321526
0.249427178;1.37963625;-0.7450083;-0.300182206;0.973798594;-0.677229105
-0.078581058;2.104421392;-0.102637727;1.92391676;-0.370454729;-1.710338669
0.579770558;1.576916617;0.633670118;-0.293080809;2.007159911;1.049836025
1.777847555;-2.178253317;0.090286685;-1.079074964;0.751140512;-0.07639186
2.006541767;0.140605835;2.586271708;1.832312654;-0.739944139;1.059824005
0.845465381;1.049617773;1.566096861;-0.831457175;0.105855534;0.690913566
2.923936064;0.395755515;-0.532126569;-2.563947256;0.237850922;-2.424089228
-0.412673271;-2.339783614;-0.072723664;4.208277432;-0.980120059;0.172505425
2.311760018;1.690849793;0.713059858;1.946561487;-2.456307464;-0.045113298
0.058295924;-1.207552166;0.941296074;-2.529841844;0.12397319;-0.714700809
3.007291022;0.463413661;-2.295195982;0.22936531;-0.171061745;0.815518329
0.911875707;1.556819185;0.362993034;0.709836347;-1.502451619;0.639547436
-0.95648292;-1.386708687;0.072197236;-0.097004269;-2.743246231;1.590875464
-2.625703567;-0.378225061;0.032608609;-0.697307548;-1.984006233;-0.864066403
1.65487773;1.551188797;-2.309338256;-0.579213482;0.650488877;0.854953675
2.236130032;2.209871485;-2.483415679;-0.000627253;-1.102672817;-1.414922792
-2.697219752;0.123152121;-1.274922368;0.824327631;-1.395128998;-1.687873933
-1.565012194;-2.149268329;1.196807335;0.937541907;0.882433901;1.353555498
-0.729960641;0.560488748;-0.764158383;1.463079508;2.554554027;0.20998848
2.413271315;2.112970928;0.375790638;0.266716754;-0.093591883;1.672188287
0.485514431;-0.236522525;-0.05839575;1.859175608;2.391865759;-1.200072705
0.551997596;-0.360392815;1.035468312;-1.039428171;-1.610916754;-0.302026467
-3.037892334;-3.405607518;-1.254335036;-1.541490308;-2.283792926;0.941736431
0.501785641;-2.145657595;0.216390149;-0.126799466;-0.557794945;-1.588242146
-2.44512885;0.898497492;-0.963048405;0.694444464;-1.553954647;1.321605465
2.590327663;-0.784192735;0.40720587;-0.724722248;-0.360728775;0.205136216
0.04899495;-3.548947343;-1.373217782;0.903931248;1.756435497;0.034661616
-3.942493033;-0.880085146;1.506937255;2.998041779;0.0920297;0.339247117
-0.403758798;-2.362010857;1.664795158;1.722880214;-1.230842915;-1.025537341
-0.166944544;-3.127201082;0.924401854;0.0257867;-0.623610079;-0.501946173
-3.027646473;0.074172385;0.341078872;0.752187947;0.106520121;1.175992849
0.577436004;-0.794719438;0.013483166;1.575060748;1.785669357;3.27665603
-1.461515629;-0.824732841;-0.155265863;0.038528684;0.596819141;0.516930502
-0.11307881;-1.084977119;-0.933369696;-1.37496323;-2.711939485;-0.494750276
0.12105724;-0.59879621;3.730830829;-2.676936395;1.12518811;1.641399026
1.294548448;0.012194254;1.011924642;-0.067086359;-1.709821849;-0.568048862
-1.769981522;1.266894311;-2.263670115;-0.477092106;0.544919237;-3.081047207
-1.012318014;0.001866844;0.647220788;0.07979845;0.798779352;-0.445542735
0.041289819;0.628250549;-1.786671818;0.261991423;-0.495174087;-0.640104599
-1.558516244;-0.918046201;0.06497389;1.290532605;-1.030401883;1.007039097
0.47195506;-0.926711007;1.316987578;-1.52863488;-1.506681037;-1.030858722
-0.735242554;0.373313438;-0.597275693;-2.694219917;2.194129498;-1.122961577
-0.311128313;-0.147675703;1.721994078;0.674157571;-1.578615296;-1.132999811
1.920836691;-1.748482313;-0.247793067;0.308251491;-1.81635598;2.45731595
-1.243767508;2.029611957;-2.276059791;0.797804292;-1.343073939;-1.155224566
-2.622155274;0.600044912;2.31607294;0.085708281;1.650439238;1.840102143
-3.090270624;-0.50643812;0.137229779;1.197774858;-0.860138642;0.730265461
2.238334411;-1.167853915;0.705379676;-1.433412119;1.569768396;0.66215144
-3.558229918;-3.541046763;0.008408319;1.578866121;0.131066894;-1.553694072
-1.032503222;0.569360681;3.437079737;0.296057647;-0.674241838;0.04899124
0.195683478;-0.632788612;0.147067022;0.688818294;3.472167621;-1.035547081
1.684186301;-0.946614524;-1.36717619;1.567233866;-1.077785061;-0.602622615
0.662232748;1.455753459;0.811407327;-0.818819774;0.091688372;-1.256143813
3.450642605;1.76350338;-1.092722974;-0.450669382;1.925648241;0.554595199
1.275391292;4.535697808;0.886350354;1.772366209;-0.852478062;1.093062401
1.09072947;-0.233363371;1.292102279;1.82594811;0.755863942;0.584469547
-4.639001616;-1.091410414;-0.753783336;1.475433825;1.68472765;-2.137796063
0.518324356;-1.42708252;0.990178106;-0.098999987;0.394175371;-2.121331009
-0.367675417;0.399809114;3.331051542;-2.442596658;-0.506161012;0.173730941
0.095782494;-2.625833008;2.608240112;-0.880155668;-2.228134399;-1.581273398
0.32452427;0.393401055;-1.741092132;0.730571378;-1.067983576;1.23095971
1.76128311;-2.649069126;-0.121817231;-1.963844363;1.496441048;-0.571583393
-0.208723418;0.763428722;0.711554657;-1.55521852;1.048628181;0.282035821
-2.173652153;-0.428943364;-0.213433194;-0.558394393;-0.832625822;1.302622953
0.891410078;-0.736132989;1.026119675;2.692040767;0.693441977;2.139062865
2.091656091;0.489155705;-2.013690532;-2.790243404;1.431883851;-0.512700491
-0.632995373;-1.051389084;-3.5544546;-1.664195667;0.898941797;1.342852305
0.372450132;-1.248536515;-0.787401531;1.813016026;1.159676949;0.380202373
0.069431717;0.069286828;-0.771969051;-0.132098171;-0.688527062;-1.15875397
-0.313922799;0.325823434;-2.031321014;1.337899139;-0.243974318;1.969751685
1.775758972;1.832132995;-0.279162632;-0.284618695;2.513101647;0.47095483
3.438753608;-2.750260556;0.03877413;-1.373042816;-1.049626403;-2.961530096
-0.449640264;-1.770338771;0.184494586;1.801017656;0.523176525;0.49164783
-0.790666717;0.153201644;-0.893874635;1.58435642;0.860807903;-0.292259288
1.480265873;0.001230139;2.646723014;0.426891412;2.003423245;-1.067598109
-0.581504111;-0.813171285;-2.472848468;-1.271768216;1.538865081;-0.867265506
1.531077735;1.043368758;0.959056191;1.660095594;-1.166390932;-0.896116369
-0.852294184;0.932055748;0.002721285;-2.019722024;-0.9503134;0.18048073
-1.253216725;-3.653725859;-0.260437706;-1.888661464;0.874778811;-0.405099862
1.723530148;2.282671974;-2.159110805;1.169354991;-2.91185259;-1.222497217
-0.390161646;1.529800595;-0.155220061;3.560678331;-0.199897696;0.426327208
-1.151554202;0.590078786;-2.25543342;0.531754992;0.313985192;0.941535718
-1.897333878;2.133737238;1.24233214;-1.544506464;1.618901659;0.720905262
1.999966135;-0.610690789;0.945426467;-0.886676736;1.246370202;-0.885188786
-2.541045174;0.533309917;0.427843568;-1.072093195;-1.197253496;0.425900234
3.47496837;-2.612330807;0.985647423;-0.699117644;-0.650018305;-0.572106875
0.597061927;1.28668158;3.684658258;-1.717133784;0.102218981;3.061613007
-0.693686507;0.758592148;2.606437352;-0.124197238;-0.021416906;-1.103647434
-3.235371933;0.178574821;1.242807481;4.049008145;1.230097054;-0.121562984
2.678882999;1.545089794;-0.185219408;1.024453648;-2.265851158;1.254304311
-3.200963303;-1.418153562;0.195908413;0.328824316;-0.735993751;0.53707047
1.444670807;-3.004570419;0.253885023;0.554150767;-0.189921987;-1.444660689
1.884257394;0.731885844;2.80168235;-2.925406226;2.279418302;-1.577736705
0.942119153;0.369172827;-1.358191978;-1.088992748;-0.211844148;1.055389108
3.562521397;0.975372321;-0.89903483;0.801397469;-1.131710549;0.682577607
2.600096986;0.752055181;-1.588969369;1.432293136;0.423572872;-0.154068415
-1.820313103;0.459617833;2.882498221;-2.368096;1.312079899;-0.156564468
-6.002017001;-3.346276174;-2.222230217;-1.112188853;2.546240902;0.746902521
0.139587451;-1.448838677;-0.109881417;-0.395978966;-0.346595531;-0.142362059
-3.493199415;1.631510079;-1.0786677;1.360086854;0.721442651;-0.171501893
-4.33698916;0.981843299;1.466661477;0.487692095;0.857403983;-0.509692561
2.332781792;-0.501721768;0.326453205;-1.213482864;-1.749983044;-0.595700918
1.667477079;-1.074910209;0.581009303;0.001696108;0.176022581;1.153591517
-1.415030759;-1.616713251;1.696805117;-1.596996319;-0.502418435;0.955244752
-0.967373863;-0.086228274;3.519607883;-1.240309024;-0.59874169;2.970351362
-1.196920319;-2.114492877;0.758036167;0.812597435;-0.697301398;0.664315834
3.09023367;1.683728022;-1.305098312;1.312244317;-1.212694762;-0.065982204
-1.717104462;1.37696902;0.359571827;3.96122189;1.165079707;0.217644694
1.299071857;-1.417561895;-0.223134241;-1.413148169;-3.447396404;-0.865848295
0.37040204;-0.366156646;-0.882590996;2.564549014;0.396263263;2.321693556
-1.694796501;-0.766342892;-1.246028746;-1.476906385;0.162423772;1.011616056
1.411654234;-0.568375291;-0.295387599;-2.786077742;-0.628932014;-0.826239875
0.50026193;-0.52867947;-0.342725608;1.658727402;0.477206862;-0.112419887
-3.079828762;-1.529266119;0.892191645;1.030677229;2.710146006;0.512429091
0.34392944;-0.423308292;-1.346886019;0.971550442;1.792224124;-1.120598454
1.919067533;-0.922139048;0.966550029;2.999087993;-1.412413588;-1.199054234
1.804562254;-0.299199891;0.963751435;-0.752901674;3.852582181;-0.271475209
1.741281427;1.953094482;1.408349245;0.058229635;0.605232464;1.196976931
2.095413364;-1.175482136;1.556062353;1.271946863;2.065019835;-1.545233732
-1.639765168;1.954249301;2.36907907;-0.598214394;1.460715892;-1.78380377
2.530388069;1.515223217;1.260314887;-0.276965061;2.262732571;0.017208545
1.159180762;-0.3854224;-0.575378247;-0.230907267;0.201221561;0.124222854
-0.662491029;2.220644204;-1.302403541;0.420297678;2.158769837;0.330788697
0.427180446;1.469111547;-1.465022137;1.720496348;0.106561475;-2.443750913
0.170310967;0.171455165;2.285763311;-1.661777681;-0.563724695;0.718697104
-1.35644984;0.176398166;3.047013281;-0.451938962;0.917053387;2.747507653
-0.17523494;2.109244257;-1.972776718;-1.364745697;-0.902236562;0.399524882
-1.565071738;-3.551801598;0.42320494;-1.14637991;3.004820962;0.926901214
-2.515229874;-4.66149223;-1.357572274;2.591212466;-0.736746722;0.243913817
-0.316733245;2.849415889;2.214367762;-2.494440369;-1.304329899;0.553724739
1.117065406;1.510868746;-1.052307945;1.783367626;-0.165038322;-1.39532186
0.717803566;-0.711479894;-1.184937458;0.444307591;0.507347766;2.554389608
0.026288267;1.425831544;0.344844012;-0.975994496;-2.397176961;0.296428218
-0.826193007;0.364158198;-2.199917353;-1.27971469;-1.839405468;-0.006287202
-0.757753652;1.759285819;3.079086272;-0.414536362;-1.475407634;1.330309775
0.316752279;0.894760667;-1.997976267;-0.764863989;-0.262992416;-0.043587399
1.772088412;1.602729693;0.451087753;-2.248407599;0.682214619;-0.538828472
-0.723479709;0.875973031;-2.943560691;0.266255786;1.742052087;0.442024629
0.248780228;-3.061440931;0.337231478;1.35585211;0.115481349;-1.374627639
-0.207320072;2.675380507;-0.439025903;0.696224436;1.019422155;1.144549078
-2.132035024;1.008088668;-2.878520075;1.045905847;1.312076771;-0.839312875
-0.415908997;2.082155181;-0.805609165;-0.371327448;-0.05143949;3.264370347
-0.269801307;-0.322382686;1.102317869;-0.247195596;1.052874073;-1.008200129
0.822193606;1.257274103;-0.872898766;-1.575531324;0.652782511;-0.879824318
-3.304064863;0.103383897;-0.702239398;-0.567382724;-0.648172245;0.280337626
-1.934593421;1.122788438;-1.217014791;-2.623638228;-1.127039929;0.050946542
0.867229837;-1.16455466;1.850005333;-0.773217431;0.891546978;0.46672827
-1.630287219;0.164652258;-4.964869476;-0.376600426;1.508957062;1.354844311
-1.559071403;-1.751156726;-1.275732547;-3.368744962;1.071126985;-0.756453882
1.48155308;0.242910073;0.462443047;4.302442468;-1.699987451;0.12379343
1.401630523;0.170144455;-1.362366543;-0.2167769;1.453987195;-0.099291482
-1.066419534;0.505090428;0.142902932;-0.407117583;3.967168565;1.991476346
1.220979128;0.267913275;-2.171987969;-2.687026357;0.876443404;0.527929148
-1.671541897;2.007354964;-1.387235665;-0.889517849;-2.720871893;-1.133171169
-1.252252059;-0.035469757;-1.189583757;1.776924168;1.904366066;-1.303858648
-0.015365277;0.420394021;-2.147957239;-0.752547765;-1.908817289;2.356710705
2.268068374;3.063467321;-1.909077718;1.339573265;-1.891071794;1.146972984
1.743044912;-2.246671242;2.042300223;2.007076064;-1.935211823;-0.989951369
0.661727881;1.374819747;0.983487817;-1.904158873;-0.032434067;1.194104824
0.685628998;-0.441626407;2.872436789;0.004758218;1.881265476;0.904261741
-3.675490807;0.847438785;1.923244076;-0.205849772;0.81003368;1.566931859
1.00454318;-1.753902288;-1.985583962;0.373078106;-3.240198026;-0.113347817
-3.083426254;0.727456192;2.397066792;-1.151180616;0.238426994;-1.630761473
-0.115428306;0.390910634;-1.218339036;-1.359096232;0.273656352;-1.880871402
-1.738646716;0.416916927;-0.942297992;1.347535153;-0.18305233;-1.290966622
-1.630428449;0.631161497;0.377806608;2.188710329;-1.421578801;-1.01158269
-2.059397268;-0.295404807;-1.745959473;-0.430777131;-1.873190514;-0.274673929
0.622930132;-0.729755331;-0.950130581;1.556140829;0.702383524;-0.315598237
-0.418363165;1.327624887;-2.075978846;0.931267445;-0.98554032;1.354262804
-2.669710664;3.039038531;-2.591770171;-1.104126026;0.524773373;-0.458094364
4.368998053;-1.371036984;-0.796308037;-2.198516935;-1.323469022;-0.158729754
2.160504971;-1.7102905;0.474912278;-1.073958226;-0.153543154;0.844107627
1.852638858;0.015175327;1.121232037;-1.354341685;-0.893985074;0.649941631
-1.530474011;-0.327405602;-0.239928893;-1.619724972;1.10546373;0.406348692
5.540978418;0.981829976;-0.0200439;2.064180073;-1.60912148;-0.744593315
-0.790642955;0.925733944;1.962886601;-1.20003632;1.206206306;2.079051416
-0.573310979;-0.959349547;-0.005547766;1.796129296;0.00097055;-1.572122137
-4.19228437;0.694020815;0.893361462;-0.661759473;-0.677645262;-1.073333044
1.588543753;-1.143220002;1.715764361;-1.985210465;-0.842762811;-1.266664168
-0.383581998;0.201609629;-0.193590133;0.203784897;1.100556143;0.13859031
-3.974093679;0.640542854;1.334353667;2.03907618;-1.530452461;1.085240837
-0.954617485;-0.02726261;0.623556447;1.593850971;2.324007355;1.391528107
0.56803875;0.903395724;5.207077043;-0.86598259;0.576239012;-1.287329002
-1.978879227;-3.702491348;2.630596829;-0.677690251;0.460370775;-0.252882977
1.629644682;1.026096028;0.273695108;-0.344258308;0.22727353;3.333797699
2.1499103;-2.491295956;2.86243462;-1.754443061;-0.182653986;1.380484482
-0.514800418;-2.867057014;-0.451937544;1.256258462;-0.149601419;1.114271913
-0.364292456;-0.569521812;-2.195118596;-0.604304523;-0.48114964;0.2691239
0.007938513;-1.452093064;-0.292188461;1.196573445;1.193373915;-2.471127965
-1.586807534;0.43594143;-2.109887682;1.434563295;0.408173003;-0.585739953
-0.918189689;0.445490622;-0.851876365;-1.085113402;1.608528361;3.115306394
0.086742308;-1.459214545;-1.056893213;2.354127602;-0.362418514;-0.669486748
0.170064452;2.302246696;-1.971054516;1.951926095;2.026173061;0.763909838
-2.102532661;0.902654551;1.160213358;1.037805035;-1.040439544;1.157036974
-0.813896979;-0.076275967;0.604738984;1.105217577;1.102548428;-2.151588096
1.828684588;2.44191553;0.709596578;1.913303465;-0.969675231;0.200007327
-1.276900651;0.88965125;0.362516133;0.039906008;-2.17040864;-1.526549998
-0.94635695;0.246034679;-0.165971622;1.932484985;1.04822576;-0.19376713
1.920420218;1.417142972;-0.963587592;1.433599127;0.118452476;-0.456015164
0.601621461;-2.484550961;-1.140159685;-2.186088666;0.051823787;-0.6985871
-2.473668442;-2.657400993;-1.697201802;1.353758474;-1.013239721;-1.435251819
1.545322893;-2.89982907;-0.439254179;1.859066235;1.439547181;0.255162481
-0.281099845;1.589960281;-1.628306424;-1.028471497;-0.134335505;1.223004006
-1.731250995;0.200363195;1.944362823;0.751554114;0.583426213;-2.001910038
-3.225775182;-1.38948958;1.150382199;-2.689029869;-2.382388524;0.036184314
0.007532207;-1.940082193;-0.35363514;1.906078864;-1.163521842;-0.807331045
-0.352784478;0.196462058;0.457660132;-1.670078297;-1.02180623;-3.084042848
2.266179442;1.325023006;-3.032926859;0.292071839;-0.350652799;2.853454876
-1.893755218;0.347268069;-2.507419432;1.298549242;0.640926206;1.946307857
0.633229672;0.055550333;-1.277565043;-1.043115946;-2.40493485;-0.194941313
1.322730979;0.201807529;2.747303092;-1.979728673;-2.09369906;-1.519811662
1.629955423;2.747253553;0.346946927;-0.600492434;-0.996364659;0.296456662
-2.071855259;0.237031345;0.359958796;-3.003693685;-0.252755479;-1.842270672
-3.711545719;1.447204908;3.319012586;0.181511816;0.102599086;-0.67528125
-2.390561593;0.369559803;-0.483906658;0.892143613;-1.542401924;2.366341504
-0.695238486;1.981027453;1.067680768;-2.53155486;-0.855129757;-0.18543804
-2.298533855;-0.458095975;3.384748292;1.451022389;0.354012512;0.23502227
-1.62018819;-0.978330626;-0.333409124;-1.673812286;0.220379303;1.508457676
-0.921301865;-5.009117986;-0.99066254;2.488366785;-1.315675585;1.338720933
0.375641282;-2.652610702;2.795466663;-2.424057439;-1.401024575;0.280056873
-0.367427879;1.132512506;-0.177339616;-2.675177926;2.495212246;-0.660493343
4.712124783;-1.321251838;0.047090128;-3.23542446;-0.426635989;-0.41106996
-2.252309413;-1.061076117;-1.261268672;-1.557198341;0.91252231;-1.002618453
-0.931578317;0.507973773;3.68659091;-0.535994325;0.101614841;2.693764666
-0.253188637;-3.871529744;1.871427967;-4.181218098;-0.236691031;1.477882887
2.289358478;-1.606286323;0.40007812;0.09801016;0.546301657;-0.491235756
0.263971374;0.82328741;-0.907859496;1.108851603;-2.560608186;0.658190695
1.991891395;2.788627267;1.907803925;1.098526279;-0.541383709;0.10283595
0.553619067;-2.099897555;1.374263517;-0.235335981;3.203677417;1.277359902
0.845469995;2.637289615;-0.992482494;-0.326797253;-1.921613004;1.070052546
-2.526823122;0.487230802;-0.150583149;2.262143379;0.05867691;-0.230203834
0.768339132;0.711347619;0.704421398;-1.064231419;-1.219659015;-0.240995524
-0.106579621;-1.264261128;1.251464386;-0.897278233;2.988353108;-0.090844615
-1.832571303;0.879230158;1.378032037;1.110478741;3.361409742;1.545100065
2.759716522;0.289398533;-0.66191689;1.105275703;-0.465415347;0.006575075
2.435933103;-1.665486511;0.245805962;3.017619914;0.301108688;1.784463632
2.106684648;-3.109032558;-1.300611008;-0.574223159;-0.32118134;1.082274818
0.180576743;-0.71091739;-0.427806252;-1.093207752;2.653739092;0.083712608
0.148309061;3.044740912;-0.034514199;0.832005839;1.235600486;0.48281671
-0.583042423;2.403602833;-1.006500258;-0.078708156;1.009674131;-0.321097982
-3.904322064;1.310761368;1.316122582;-2.017850976;1.731069294;-0.116470674
-1.05059581;-0.943258294;0.790380225;-0.807607507;2.115090958;-1.537952268
0.862835549;-2.605443719;0.879499074;-0.667346374;-1.192540308;-1.741279388
1.393045262;0.568377225;-1.239823734;3.078624549;0.474441837;-0.562424636
-2.20921266;-1.28006265;-1.586491271;0.987854977;-1.200297018;2.004798457
0.463936917;0.191440796;0.584578989;-0.70888728;1.109630976;1.178296104
-0.50915745;1.039870337;4.74394475;-1.477916261;0.528061483;-0.675481341
3.179152049;1.145295272;-1.417405654;0.025442926;2.073117624;-0.916957459
-0.465975996;-2.145739328;2.900753112;1.108027582;1.347316377;1.521399124
0.838426261;0.586799895;1.049230762;-1.441588394;-0.178126057;-1.157177749
1.699799829;-0.496491097;-2.114631708;-0.207769353;-0.263665337;0.665022084
0.353388095;1.852413768;2.293091027;0.999170341;-0.258475903;1.537887544
0.728736859;1.030891394;-1.182657595;-0.754978762;0.904620037;-1.194192716
0.169198977;0.111316607;2.565334598;0.724953981;1.265739056;1.218851912
2.054485081;2.282392782;0.776993799;1.264708359;-0.982413304;0.65713099
-3.903715193;0.335671214;-0.351887059;1.301951228;-1.390898086;-0.832307833
0.201935908;-1.759161606;-1.524377061;0.320656557;0.594835335;0.857938648
1.650765041;-1.580397277;-0.49666787;-0.897591346;-0.199516922;-0.51422942
-0.361358135;0.944380403;-1.536183243;-1.973589399;-1.68973464;-0.274479289
-2.594757682;-0.569685901;-1.021819018;-2.900117194;-0.511812611;1.188484248
1.019278267;-3.11144717;-2.251316205;2.880570685;-3.596380125;-2.928175342
0.961754683;-1.065265092;-1.730817427;-0.492391098;0.902742646;-1.188556312
-0.720260942;0.483872467;1.586669176;-0.826153248;-1.25241849;-0.136710047
-4.195098118;-1.266826789;-0.249084795;1.392838329;-1.539805163;2.338453924
-0.907680686;1.217990098;-2.518621774;-0.073144919;1.712111175;0.516858686
0.456383692;0.971370655;-1.100640306;-1.285956426;1.001366772;-0.086846456
-5.21307553;0.462652754;0.607051762;2.26666665;-0.262559469;-3.280702069
-0.869019489;-0.210452041;2.665557053;-2.152638029;0.511053583;-0.504896365
-0.154721266;3.552792813;-1.614254432;-0.577898032;-1.077571279;-0.277821815
-4.546814315;2.504863873;1.651854771;0.190280077;0.02434681;1.672132578
-2.672935638;1.022835016;2.574990925;-2.516822314;-0.389705031;-0.122772026
0.355005056;2.440182445;1.622160058;-2.949133974;-0.012753026;-0.792533363
-1.239209071;-0.319473245;-2.436429708;1.403397194;0.53743753;-2.119688545
0.778869821;-2.639004032;0.44132512;-0.396225499;0.629509178;1.238181598
2.468530716;1.453825678;1.237155978;-2.021113179;0.672364939;-0.207989192
0.055143443;2.645664137;-1.796728393;-0.04555759;-2.094729125;0.387165073
-0.130581855;0.96973409;0.956793863;0.595523228;0.420332562;-0.04746524
0.279350224;-1.676067115;-0.68030506;-1.384692567;-0.325620711;0.791940012
-0.097400432;1.315056049;-1.363012354;-1.181534545;-0.564838322;1.010238553
-1.321350747;-1.439069063;-1.220593139;0.683367688;-2.437733842;0.523551346
1.035943827;-0.913958333;0.593397203;-1.505930046;0.053068846;0.335904607
5.238544641;0.953339202;1.396158493;-1.325893968;0.162395776;-0.176989117
-0.655531644;-0.466275448;-1.637839905;1.952363292;-0.705086888;-1.939192878
0.810803595;-0.452240025;1.090010881;-1.0585301;1.914985097;1.309847401
0.043703076;0.667214233;-0.843736413;0.553183558;1.314889379;-0.544765135
0.031185471;0.99470991;1.509981223;-1.512412925;0.471203;-1.76694203
1.394024967;1.21413526;3.10922076;0.806111268;3.061052794;0.920860343
2.7470625;0.45690808;-0.581399961;-0.406622895;0.893362727;-0.045325904
-3.063019918;-1.878667853;-0.658930533;1.760110085;1.52049079;0.206421574
1.067983859;-0.899526871;2.216709694;-0.527899726;0.249145947;0.757001738
-2.340845432;0.994361271;0.05685942;1.068251231;2.192062242;-0.283450715
2.018155202;-1.465581352;1.493822554;-0.689271341;-1.193192982;-1.756904466
-1.180342353;-0.201217126;-1.705154451;-0.966575182;0.550614179;-0.257425463
2.468584679;-1.638660345;-3.018448674;-1.716775791;-0.495088104;-0.452167564
3.414069284;0.218110696;0.470540684;-1.679073687;0.11578984;-1.126428075
0.055300056;2.260860826;1.718725269;2.678991571;0.279982542;-0.999389499
-1.34373488;2.465468491;-0.594393597;-3.19625336;-0.073134516;0.612530819
0.039290644;-2.312120906;0.098579568;-0.719534159;-0.352628386;-3.837563342
2.348232588;-0.674753155;-2.076030783;0.674621003;1.08376535;-0.219805714
-0.778028121;-0.696161007;1.810107088;2.247941259;-1.415224232;-1.452764296
2.014079063;1.612424858;-2.311387379;3.521374086;0.427080032;1.247269129
-0.490510068;2.465545459;-2.200690423;0.401575217;1.323494096;0.95376612
-0.117520615;-2.697531702;-1.341615309;3.319557777;-0.319469843;0.709772867
-1.44604384;-0.183392482;-0.676570824;-0.772228574;2.218767426;-0.128971958
0.210311462;2.642937778;-0.578895605;0.691752896;3.267559046;2.534259258
0.694775352;1.012128543;-2.224341166;-0.788491377;-2.517188416;2.581637757
-2.452956507;0.196841668;0.408265087;0.167978339;1.480362015;-0.543643938
2.154046271;1.283958124;0.386699515;-3.47184911;-3.295700051;-0.858156793
-2.067395069;-0.931776105;-1.467561113;0.399861464;1.021418206;-1.214040661
-1.018792435;0.350031999;-0.315962636;2.763439016;0.898185713;0.994262469
-1.606314667;-1.741323045;3.6607212;-0.53936832;1.842165711;0.991207127
1.489232231;-1.955780461;-0.571985207;-1.777853814;0.492716608;0.997474326
-0.725205459;-0.777400218;1.649010006;-0.517919546;1.3089668;-0.36596324
-0.323905548;-0.60088512;-0.028115056;0.652394888;1.460836068;1.832406558
-0.698498584;1.23032815;-3.117148508;-1.98673136;0.293730121;2.246515074
-2.551676728;1.117229714;1.168243509;-0.301009737;0.914266807;0.916984787
4.380823309;-0.534707363;-0.465653162;3.812465837;1.882797468;-0.282076742
2.912873173;1.122058041;-0.211480154;-0.99500041;0.029627272;1.003024265
2.629689472;-1.062406184;-1.697452921;0.699610001;-1.505901441;-1.379453391
-1.509784448;-1.181215757;-1.733914812;-0.684401255;-0.637961845;-1.775190183
0.754187052;0.724740783;-0.522272377;0.416986292;-2.294412775;-1.35204346
-1.471610325;0.262912019;0.58921088;0.373375556;1.225584307;-1.476799216
-0.730003548;-0.102725722;-1.557707314;2.40524912;1.137825671;0.259867804
-3.121542374;-1.242073991;1.631416468;2.687508517;-0.543606852;0.957154231
2.504808211;0.176005721;0.267008271;2.223361753;0.038773903;-1.120395611
2.291705933;-0.71947197;0.068761342;-0.767164033;-3.073191902;-0.601411898
0.36716666;0.893114894;0.523116852;1.36502555;-2.768989915;-0.060749816
0.342155391;2.31885924;3.029057661;1.445488776;-1.851564485;1.184346166
-2.385397461;-1.650999636;1.655347374;-0.290568332;-2.289151522;0.312892476
1.185865602;-0.133486399;0.707757142;-0.017702955;2.053977085;-0.979074846
2.282157457;-0.210040299;0.152264998;-1.821161621;1.207938016;-1.15084597
2.686353055;-1.346585099;1.807561285;0.139883418;0.471433747;0.438234115
1.273720096;-0.010548247;-0.40160211;-1.240829799;-0.429638899;1.804202503
2.113317092;1.872706048;-2.254452443;1.240768003;0.226870559;1.575288359
-2.955516385;1.580134504;-2.34957981;2.492426327;2.204600196;-0.855362802
-1.220334444;-0.574261549;1.788667034;1.791438627;1.526375646;-0.321697088
0.885891772;3.100198361;-1.166399902;0.222423205;-0.0860656;1.79825677
2.520953068;1.757705365;-2.290605825;-0.652386905;-0.932518441;-0.697812183
2.611869219;0.609564149;0.265816206;-0.948400397;-2.335855321;0.646936188
-2.573420337;0.3474603;0.782519955;1.365565402;-0.353695994;0.974949031
2.49698343;-0.05555356;-2.4135525;0.358621616;-0.471214391;-0.565126516
1.646341707;2.526859428;-1.280743179;0.603044517;-0.86743274;-0.828634167
1.687175282;-0.82951799;2.516171812;1.482900902;2.219564909;-0.293359186
0.350389854;-0.175004754;-1.903428263;5.079854691;1.290141564;-0.166792445
-1.763354948;-2.430008157;-1.547096778;-2.258136298;-0.805874895;1.738439225
1.261160917;-0.212290879;0.12020973;-0.134433589;1.501641976;-0.337499152
-0.757857274;-0.902905741;-0.265346372;-0.739305175;-0.633840381;1.047751826
-1.628037595;1.26284209;-0.36724883;1.895419171;-0.991765656;-2.896467824
0.631855087;1.73222488;-0.420510667;-0.82471627;-0.036927195;-2.324459353
-1.37115327;-2.09035956;-0.250991136;-0.876350066;0.593634003;-2.057051398
-3.826057673;0.061191653;-0.822448389;-0.273959999;1.15977789;-2.623384012
2.773131146;0.603146047;2.658611328;2.085154297;1.066976907;0.188097297
1.848335311;-0.524260628;3.107915456;0.735016461;-0.827548842;-0.695570522
0.805512248;-1.97129796;2.687316652;-1.620656458;-0.412431786;1.840344038
2.881465495;0.247586055;-1.334518753;2.170604813;1.038696618;0.321585199
2.052690019;-1.366736201;-0.770480205;1.501667174;0.533818895;-0.787922582
-3.550704289;-0.772659703;-0.980514652;-1.268050591;-0.894846611;2.05046381
-2.833034186;-0.631576987;0.290728701;-0.247021406;-1.653755879;1.962185224
-1.400911697;0.672489741;-1.237870995;-0.926641257;-1.125761234;-1.354798221
-3.194117551;-0.451558116;-0.41280283;-0.2156321;1.251719647;-0.883555586
-0.449844894;-1.483006685;1.189458229;0.033440487;1.2440768;-1.230009452
-0.999919412;2.458130526;2.566877642;-1.337763299;-2.297370699;-0.618026834
0.307493175;1.889669301;0.932228868;1.036407283;4.746384551;-0.188345685
-3.460649904;-0.440289172;-1.14019459;-0.547088405;1.49336811;-1.952751069
-3.311437378;0.574812983;-2.053438331;2.861425002;-1.766814207;0.476959849
-0.677052328;-2.449212694;-0.417211749;2.17701076;1.854794152;-1.319302768
-0.928592515;2.057618133;3.061156196;-0.626924555;-0.81726844;1.79674073
-0.584768822;-0.959741732;-1.291641072;-1.812665178;0.562177801;-0.312438985
-1.443805032;1.075256442;1.606251502;-0.781055754;-1.194596442;3.529079039
2.206169185;2.090712388;-0.726513753;0.530177901;0.33127037;-2.685408789
0.693992387;-0.379449886;-0.826297074;1.327174454;0.247264777;1.170509337
0.36484134;-0.270948428;2.483010507;1.448764871;0.152924301;0.583183059
2.015007569;1.427821158;0.944011532;-0.360955516;-0.386845151;0.359033725
1.192134624;0.572664236;-0.82542926;0.117652456;-0.28183614;-0.276597389
1.008302434;0.375237696;-2.082039626;0.348786768;3.396841104;-1.425732999
1.244272762;-0.25451513;-2.754350125;2.976266337;0.34632005;0.548774553
-0.038521267;0.876522159;2.294113011;-0.165748592;2.022439508;0.705199914
-1.015425495;-2.364232221;-0.185828301;3.130095519;0.697691469;1.686426507
0.259508057;-2.125946515;1.041243369;-3.902314923;0.155691343;-0.172087163
-3.067725834;4.349626983;-0.408480901;1.243523036;-0.361363934;1.047914118
-4.676052674;-0.153918833;-0.688637175;-0.712865928;-0.814638776;-0.314610582
-0.21120729;1.734353552;0.914366279;-0.334386125;1.75451764;0.527949711
-3.432676573;0.187585244;-0.051348596;2.039069949;-0.072113408;1.763178629
0.993333483;0.381767888;-1.220401841;-0.080126008;1.973358984;0.15911511
3.682470834;-1.431791409;-1.838026708;1.190421122;-0.145332771;-0.456355389
-0.306870949;-0.803400114;-1.759623022;-0.487639908;-0.329785199;-0.416409945
1.384190099;5.297363246;-0.270413722;1.989162071;-1.613921809;0.303921584
-0.283140899;0.98140808;-1.300982211;0.014488558;2.727776847;1.441875295
-3.421692752;0.21448279;-3.497854157;-3.269635335;-0.003085261;-2.310551131
-2.245280337;-0.827307256;-2.440863591;2.122060494;1.76383703;0.708898097
0.913243072;-1.419544605;2.131448018;2.434239557;-0.145195232;0.017767468
1.2621017;-0.38105425;-1.059545732;1.97808391;-0.718258985;0.546704311
-3.036523752;-0.312451648;-1.46322977;-0.942085686;-0.148217958;-1.068308859
0.0835071;-0.837973633;0.207094606;0.917706014;-0.071164017;2.213996299
0.818266306;0.889468458;0.347009749;-1.244676881;-0.107520941;1.066927773
0.857575428;-0.636910897;-2.767984455;-0.319085983;0.103360885;-1.884361946
-1.449179002;-0.585370522;-2.780058906;-0.351994588;2.007972881;-0.95958822
1.968906929;0.351940335;-1.005978196;-2.500504283;3.272724494;-0.851278819
1.198676935;-0.505075717;1.267986569;-0.447809056;-1.390611945;-0.073086878
2.136580433;0.902405986;-1.830649809;1.819539577;2.475521538;-0.417042844
3.101977369;0.547839744;0.320857494;0.421684154;0.83444944;-0.106272165
1.58055904;-2.476176568;1.477636219;2.62466693;-1.441531971;-1.205275977
0.706819497;0.013537411;1.705199849;3.812959567;-0.98110292;-0.406298959
0.393939314;-2.162328558;-1.096106654;-2.316900138;-0.199267577;0.107620358
-4.097461236;0.010029444;1.652370277;0.790821939;0.173737451;-0.219561366
-0.68393446;-4.896603343;0.943667483;-1.686415336;-1.019999165;-0.683973824
-0.881271275;-1.122939617;0.19365979;0.514292767;-0.314748213;-0.520069241
-0.11782792;-2.474300169;1.070935286;-0.63494555;0.480459497;-1.922470521
2.232608504;0.306985255;1.65550184;1.148477977;-1.704917142;1.042127737
-2.562902237;0.291053582;-1.604413034;0.673873833;1.637662695;-1.21810104
-1.004887997;-1.277507726;-1.563287293;-2.181803668;3.383724074;-1.489937597
1.448294962;0.058373778;-1.963222378;-2.383942021;0.2759215;-1.031312929
3.930903412;-1.389713018;0.068609087;-3.066137025;2.281634176;0.98082083
1.787610293;-0.781500233;0.195185788;-2.089755799;-0.010056958;-0.037173643
1.963630664;2.474967467;-0.460833398;-2.107242427;0.581983247;-1.023626683
-0.985037489;-0.738106359;-2.641828421;0.385138522;1.285661007;0.250302857
2.322397223;1.843910759;0.877932468;-1.493026172;-0.550516193;0.10737767
1.805926058;-1.477133171;-0.448932723;2.042325606;-1.484056691;0.528743999
0.195221652;-1.3131663;-1.109127142;-1.336705049;0.592053419;-1.207440011
-2.008782694;-0.076075954;3.1147583;0.634684596;0.478319187;-2.142290201
3.479695482;1.568635283;0.838136582;-0.757275407;1.615404994;-1.334659621
0.430259874;-0.369903213;-0.469778729;-1.567944537;0.093526479;0.813357497
-1.472069159;0.010400173;0.667533569;-0.9699741;-0.195835498;-0.421981238
0.064346941;-0.150888646;-0.651350797;1.077601354;0.03656217;-0.09491739
2.183784903;1.132065838;2.244379295;2.682670573;-0.383045921;-0.418215038
2.705742237;1.308700402;2.346167841;-1.464030082;-1.635325306;-1.410336482
-2.063003391;-0.252893691;-0.489996509;-0.846634643;-1.051391406;1.131269411
-0.520820708;-2.835931616;3.125520861;-2.604363405;-0.109040138;1.532038289
0.659159412;-1.571578276;0.701496377;0.106765778;2.542236847;0.200809747
2.338292324;1.864662144;1.649539398;0.8289825;-1.33212501;0.452495661
0.144747621;1.729211536;-1.043104791;0.72630662;1.075116335;-1.744687583
0.042221039;-1.886110524;-1.005929948;-1.356416229;1.408762249;0.326164949
-1.090958071;-0.874413566;2.154374766;-0.077972525;-3.582761873;-0.493698415
-0.488353212;1.267842053;0.337585357;-1.276769591;-0.454532474;3.32335128
5.631100235;1.712275569;1.200184194;1.958251006;-0.925054807;-0.161017109
0.19696842;-0.016998016;-2.695819484;0.758763962;0.202274246;-0.422949038
-2.195442237;-2.840437203;1.293278898;0.399050109;-1.698727507;-1.612874008
0.587393454;2.675347663;-1.255011269;0.772883611;-0.842766141;1.252570228
-1.193254131;0.401636793;-0.452935419;-2.403733351;1.515026715;-1.01822698
1.120649698;-1.258177657;1.183786008;0.675103434;1.358446523;-0.056694206
-0.654546158;-2.245107196;0.341791535;-1.730877285;0.481508936;0.91897771
-0.684693745;-0.286269331;0.107792761;1.169488843;-1.240196103;-1.036694034
-1.492166475;-0.403800459;0.607403712;0.140293936;1.103961134;-1.257993319
1.738721895;-0.094500929;1.379268928;0.51536617;0.363770952;-0.071026562
-1.418385112;-1.054081816;-0.801441626;-1.697019994;1.437513735;-0.055717466
-3.347087538;1.735719858;-0.76057235;1.409361427;0.116528173;1.0655371
1.546639387;-0.945575073;-1.208303555;-0.648387849;0.916406219;0.026803857
-0.510691248;-0.59251817;0.189918524;-0.880372871;0.938764396;0.574357728
-2.675950145;5.022072951;-0.028165565;2.814726028;1.16308316;0.105909123
3.505769647;2.978664627;0.139588171;0.256014959;1.287367633;-0.021495799
3.314504695;-2.262988388;2.572191606;3.146518839;-0.732146099;-0.944349025
0.494278054;1.351217242;-4.408675799;-1.643292109;-2.409945733;-1.72861793
-1.055596526;0.309452205;-1.412653322;-0.5604386;-1.337854308;2.108174193
1.058837379;-0.814243208;-0.576509829;0.889460322;-2.894689304;-0.339893159
-0.560739246;0.847348786;-1.078901125;-1.481188413;2.227895873;-1.347653857
2.061204735;1.529440374;-1.241809488;0.068255419;-2.425487166;-1.552284533
0.389102417;0.706665193;-1.350961884;0.590359809;1.331820716;-1.087728321
-4.439030233;-0.637881155;0.380965745;-3.309261769;-1.643574332;-0.174774017
0.331239759;0.629871551;-0.284263302;-1.38402607;-0.771429095;1.285445694
0.426194376;-0.00875741;2.208781902;-0.956896349;1.539299857;0.070167485
-1.314138762;0.143947739;-3.912033471;-2.150918703;-1.233419833;-1.5855642
-0.555273827;-0.411320322;1.75761126;2.919768165;0.154038929;1.923507197
-1.705292666;2.781257254;1.871923452;-1.148479098;-1.725267092;-0.67053885
-0.339992485;-1.496097256;0.178696666;-0.531723361;-1.424019423;-0.322534256
1.357461374;-1.739540783;-2.750607775;0.414894024;0.619675135;-1.058482869
-0.341995586;0.981985282;-2.152488917;-0.496194976;-1.319435249;-0.652887616
2.665180418;-0.481519869;-0.505888717;-0.77970651;1.314125568;-2.925958271
0.683027835;0.367669385;-0.222518908;1.150910258;1.459663138;-0.341506506
-1.540214586;-0.318159667;-1.478757765;-2.862716743;0.384432698;1.129111624
-2.518105241;-0.022684721;-3.049939321;-3.034251856;-1.943781662;0.843780632
-1.156892588;-0.485128882;-1.03233546;1.099556535;-0.308610608;0.780301944
0.248079749;0.463316042;-3.0075362;-2.209185603;1.338525217;-0.251777493
-2.525571184;0.166139661;1.143451231;-2.952461364;-0.386333796;-1.017502133
-1.543862616;-0.414558892;-0.069419651;0.461696383;0.328344389;-0.452095394
-0.780454706;-1.349753161;-1.996376969;-2.201996732;-2.020231021;1.727377325
-2.929071681;1.036220796;2.250794079;0.158011148;0.098920426;0.866817549
1.560833852;2.747137738;0.497399633;-0.94380462;-0.575235855;0.217759297
-1.737613326;0.148942017;-0.533846977;-0.83970439;-0.701885344;-1.01134414
2.216879525;0.186122633;-0.998249692;-1.930873773;0.144791101;-1.430106845
-1.757944613;0.295463692;-1.062568094;3.523851551;0.824934401;-0.450950973
-0.70199097;-2.300554996;0.782083779;-2.629518038;-0.308807413;-2.944677403
-3.918663295;0.972846593;-0.207197909;-0.929764199;0.219672658;0.652838595
-1.046892005;-0.135206915;0.784726025;-0.178229028;1.728888004;0.695127735
-2.645525063;-0.455918359;0.558225129;-1.449784781;-1.566844806;-1.970667582
-0.701126597;-2.056592128;1.392382003;1.161250496;-0.89910833;0.810804586
-1.115623367;0.59133991;0.122762395;0.051175428;0.575434184;-0.700373291
2.944149682;1.842767649;1.074445951;-1.589971052;1.990068684;-0.572511356
-1.491591924;0.794057329;1.742025079;0.539095149;0.577079582;-0.005752057
0.791000173;0.433300606;0.567254951;-0.254977251;-1.866203616;-0.117708585
0.777115082;-1.179573625;-1.86700293;-2.678450844;1.626385525;-0.229603555
0.863717617;1.850820826;1.615282279;1.486345332;1.065780257;-0.398960832
-4.256492404;1.006670577;-0.56661635;-1.470373038;-2.415529978;0.639914686
-0.783396799;0.592467349;-0.943397508;-0.485538672;0.710350051;0.230426002
-0.730385907;-0.257811106;0.182295509;2.089307356;-0.579978122;0.410316285
0.162272985;1.078221245;-1.889951671;-0.749412162;-0.983669651;-0.290931776
-0.254428186;-1.562548654;-3.083152245;0.152398705;-0.863806812;1.271097673
-0.192580001;0.878495793;-1.086789858;1.513406699;-0.64865758;0.472151589
-0.635650782;0.578315192;-3.349614849;0.210315713;0.73059572;-1.166485837
-0.930922001;1.245502325;-1.357577353;-2.232264914;-0.378427222;-0.808622327
-2.613887431;-0.610818565;0.226678388;0.688824315;-0.685052232;0.441040714
-0.140555854;2.569232337;0.865896095;0.919977217;2.817965775;0.805643935
-1.120097307;-0.998057484;1.849615834;-0.149090614;0.217223815;-1.405340655
1.124520717;-0.76635803;1.957501291;1.902389866;0.183518076;-0.298153627
0.451350741;-1.308956037;-1.156819148;0.398938806;0.30703589;-0.185118028
2.159139505;-0.543507423;4.142495362;-1.67252191;-0.899630339;1.755291149
-1.591730088;-1.537771945;-0.385365795;0.400449013;0.366763721;1.279731941
-1.164464721;-4.025948998;-2.008705238;2.780795891;0.587747791;-0.004191595
2.924399192;-1.247291211;4.118042582;-1.01944141;-0.721596137;-2.21765658
-2.006772437;0.369909078;1.447707788;-1.906490375;0.266048886;-1.321376823
0.738358056;3.586736445;1.246757141;2.371451051;0.823218539;-1.492869052
1.914911224;-1.594473471;-1.480025482;1.264300352;-1.128072874;0.266154591
-2.633013148;2.098400664;2.006768373;0.774956143;0.21160543;-1.02040332
0.368709735;3.967076256;1.103800909;0.980243658;0.19481434;-1.043971613
0.313599347;1.157484032;0.49608582;3.568081078;-1.863601836;0.480090931
0.877095631;-1.700390054;-2.36680149;1.630735744;-0.537348027;-0.165379351
3.965532461;-2.233342304;0.028163541;0.173365703;-2.299440334;-1.812805076
-0.113458391;0.227675589;-1.147032703;-0.243528387;2.193708734;-1.474515499
-1.105914968;0.698898554;2.446319463;-0.143851954;-1.09710527;-0.039263285
-2.535447924;1.742050331;0.01893331;-0.477432733;-4.03116872;0.268108686
2.652010904;-0.680873807;-1.84572249;2.063063964;1.031083519;0.972430667
-1.593151865;-2.095167367;-1.5292804;-1.660073415;2.204387426;0.941697499
-0.865621502;-0.547238882;1.75426412;-1.679313367;1.65419265;-0.606019657
-3.037341658;0.771068417;-0.702477856;0.591259046;2.450908644;0.997988548
-0.358242822;-2.456915211;1.798650329;1.594839731;-1.372427929;0.62995764
-1.785390902;0.887925322;-0.719075035;-0.263114604;-0.605218988;0.476165896
-0.453673344;1.403879757;1.490916022;-2.290920555;0.698007704;-0.23298549
-0.389201815;-2.403160808;3.311879281;-1.423460854;0.68808057;0.530948661
-0.001205537;3.785758054;0.086325259;1.88551788;0.150775903;-0.592682791
0.618299263;0.072687141;-0.089900329;1.500646245;-0.799599496;-0.048480284
-2.366019603;-0.679727814;-0.016689309;-0.01029423;-0.021584192;-1.366749578
0.266620757;-2.112049352;-1.746774246;-2.034452117;-0.713091398;-0.394531205
1.807594511;-2.528003971;-0.374273941;-0.463696658;-0.589032825;-0.197639706
-1.334287557;-0.323119863;1.389755349;0.453410722;-1.196026876;-1.170721406
2.879967443;1.57885942;-2.152938759;1.993719761;1.046304172;0.347609242
3.86674458;-0.763576074;-1.76001973;-1.884607424;2.410864906;1.646165
1.943437558;0.370149145;-2.204922391;2.15581744;-0.239158877;-0.839120876
-1.262292781;0.464301931;0.297726865;-0.927425286;-1.028979052;1.551301165
2.436412407;-2.186005857;-2.381875769;-2.809480736;-1.59121954;-0.371023529
0.820134965;-1.513516673;0.132975554;-1.245028745;0.011724565;-0.736861389
1.546655634;-1.101612731;2.777414536;0.352160467;0.679566607;-0.314662272
1.233808233;-1.527852117;-0.830753435;-0.450378017;0.617593162;0.557877948
2.201609582;2.493245885;1.008895089;-2.750120967;-0.099902201;0.21070155
0.079308066;1.347706969;-0.75627818;0.402760148;-1.729266747;0.287910824
-0.570751841;-1.381320194;0.64024191;-0.492286112;0.115363519;-0.313849748
0.5723357;1.94986412;0.291144294;-0.620067689;1.631726096;-0.979842232
1.054963631;-1.140063691;-0.144265381;-0.374371363;0.832982674;1.591897593
-0.136381556;0.056435948;-1.236122096;0.599789688;0.278134601;-0.251082867
-0.048480871;-2.883331615;-1.739093533;-1.21795098;1.859252946;-1.390912628
-0.611146677;-1.150100755;-0.771222279;0.270448604;-2.21702825;-1.074642109
0.262315822;0.434363305;2.426238122;-1.245596101;-0.120690918;-0.340106479
-0.362933349;-2.663169148;-2.337448535;0.631419687;-0.582152462;-0.523125293
2.565650985;0.695391946;-1.602055653;0.138433941;-1.415980598;-0.575802661
-0.293994487;-1.546027397;-0.261754526;-1.362946885;-3.855779065;-1.027172914
-0.356809807;-0.441963879;0.111715155;2.158908706;-0.165791546;0.478418225
2.076840834;-1.248101126;0.142614804;-0.960811227;0.533990045;-1.417342395
1.1380722;0.34452456;0.687918451;0.92931082;-0.025422734;1.782120195
-2.314114354;0.339881102;-0.226845904;-3.766687934;2.341730139;-1.221719831
-0.196046454;-0.985356601;1.837220573;-2.965218761;-1.279786186;-1.525502445
1.919188924;-1.096317012;0.817601026;1.248305797;0.796830268;-0.150397596
0.536107818;-0.220710111;1.23029304;-0.693219351;-0.360437855;0.654461002
-2.560356796;1.829802452;-0.344643876;-0.426082795;0.234994928;-0.345860227
0.541991569;-0.433291672;-0.396000347;0.915757054;-0.710860088;1.377270677
0.040561969;-0.401689392;-3.840214148;-1.52687388;-3.642635078;0.523752432
-0.978115708;1.205635573;0.511159799;-0.995447236;0.749566553;0.880205874
-0.866497278;-1.696939141;1.018912404;-0.05930308;2.198387216;0.185114002
-1.37080929;-0.588577879;1.783276405;-1.241629997;-1.685294044;1.409211551
-0.802352031;-5.10671721;0.322157804;0.074937657;-0.28343727;-0.226181349
0.588109633;0.792769505;-2.617920121;2.20252684;0.689366389;0.083790851
-0.022432041;-1.25843657;-0.961768177;0.388286803;-1.797618288;-2.238908477
2.444350541;-0.399836124;-3.186463194;-1.812089304;1.74278532;-0.100672727
0.817399922;5.007283032;0.226308644;1.64939665;1.03540785;-0.185817817
2.937126854;0.529591039;0.585748376;-2.681200415;-2.47288026;3.229875452
-0.65326049;-0.209448662;2.347854177;1.312650091;-0.141172494;0.296133605
-0.730949451;3.072320098;1.361440546;1.402110707;0.63449803;-0.9537448
-1.444770558;0.94884367;1.306442163;0.031272044;-1.784997869;1.133272809
-1.387050903;0.316128357;-0.843757424;1.380452574;0.878719413;0.225468177
-0.500173558;-0.380799485;-0.290324131;-0.409460434;-1.435158696;0.162908751
0.975805388;0.951224377;1.06929963;1.972953231;1.397530336;-0.103562868
-1.217542527;1.455273813;-0.05286334;-0.770876886;-1.754093279;2.352180235
0.020800199;1.923514325;-0.341769513;-1.834898768;-2.086981715;2.225902326
1.837693357;-2.045766733;3.066058552;2.300157446;0.294140657;-0.221454934
-0.345488139;1.081384551;0.731740102;1.340207905;0.349561635;0.516415831
0.001751338;-3.114046102;0.557409939;-1.401242979;0.421273818;0.196845611
2.506966156;-1.851821234;0.203841021;1.381380159;-2.939158925;-0.506298369
1.754217917;4.382618953;0.772317073;-0.123664424;-0.994161641;-0.498040871
-2.117751754;-0.514710195;-1.525882012;-0.429571961;0.799144496;-0.917203667
3.922695202;-0.405027329;1.294514461;0.370228294;1.179615883;0.814819023
1.843845667;-0.226622494;0.703272602;-0.227889453;2.532728793;0.09620095
-1.248911206;-2.267860413;0.356550372;-2.178195668;-0.836147261;0.913289339
-1.050920761;1.603014024;0.701343985;0.996400342;0.982284252;-0.003757961
0.821554996;-4.103179422;0.055147327;0.694942783;-0.055022532;2.788417868
0.512788098;2.757734287;-2.934993623;-0.611631331;0.407175867;-2.151759669
2.016474952;-0.103048699;-0.520306003;0.125037909;0.758167084;-3.294812305
2.21493774;0.375265821;-0.775062903;0.089312866;0.587889358;0.743463584
1.527599624;1.983266422;-0.540375178;2.832235466;-2.339586859;-2.101099988
-1.224558048;-0.967007154;-0.738392728;2.248081423;-1.859574154;-0.162176952
-2.25731696;-0.009576664;1.108861626;0.211859734;-0.993010443;0.002370381
1.887585083;0.455980987;-1.305178651;-1.522362846;-0.20215815;0.411291829
1.653222202;-1.111098501;1.830070374;2.236285021;-1.230274507;-1.704739153
0.060196489;0.806975958;0.304419416;5.254295353;3.234921742;-1.257127046
-3.049702936;0.449944251;1.520551707;-1.436678627;0.583407537;0.141318281
-0.218674466;-0.056785863;-0.130246955;2.150840366;-0.086342227;2.210310739
-2.484185003;-2.55077394;-1.36212063;0.658773119;-1.497671943;-0.352183602
0.347933845;-0.612862405;0.176318081;-1.87488773;2.556534073;-0.694941548
0.943902642;-2.171020639;-0.564566322;-0.330920315;-0.144900215;0.577793642
1.073278238;2.868252384;-1.933931743;-0.190885088;-1.232437301;1.232875499
1.175494611;4.397684616;3.185565515;-0.837754322;2.606521569;-0.052692548
2.470380822;-1.310345182;-1.350528234;2.234411244;2.389614561;-0.448438611
-1.458185028;-1.155346622;-0.203698251;0.383091616;1.329385487;-0.57564974
-1.986045472;-2.096926076;0.313107899;-1.259135847;-0.2967826;1.781100637
-0.237640963;0.299277887;0.791235606;1.279650016;-1.240498966;-0.86755856
-2.714303675;-1.609399444;-0.32679252;0.332063603;-1.210215005;-1.622112708
1.478280541;-1.143456333;0.129179548;-0.490359468;1.257611223;1.482173038
-2.523107607;3.12523126;1.519483246;2.183142782;-2.498241023;-1.026468769
2.356077832;-0.835977988;-0.958158642;-0.104017622;2.854182955;0.859563967
-0.688440449;0.722082361;-0.247356495;-1.187569182;0.88023839;3.249899141
3.692979387;0.391475789;-0.762889514;-0.075869171;-2.568644278;1.650121352
2.800752692;1.11846161;3.275434242;0.962140571;-0.862054191;0.179446435
1.888514042;1.109445479;-0.046981328;0.545677371;0.635681468;0.363283729
-0.60826279;-1.788022747;-0.404413173;3.677576814;1.179525452;-0.398538881
4.109479338;-1.951088341;-1.235985679;-2.453116611;1.702156436;1.843202763
-1.371309272;0.312356715;0.226999826;-1.109385789;1.029818356;0.538790034
1.513904674;-1.111436491;2.489703878;-0.699300843;-1.025645027;0.750245819
1.240764997;0.010051682;-0.578971956;-0.090376879;-1.297639427;-0.397260305
-1.682721558;-0.04676924;-1.616502859;-1.836813408;0.172383499;-0.622673964
1.143257795;-1.916419366;3.566706133;0.368379273;-2.613475082;0.056764641
1.114961482;0.857400572;0.714162368;-2.78023101;0.859563543;-1.017986526
0.643209588;0.758729268;0.500439257;0.578133687;0.181679329;1.499647874
-0.408340647;0.359467462;-3.196719054;0.024044163;0.122865221;0.422557418
4.067149168;-0.723156816;-2.540375203;-2.881527187;-0.052040569;-0.578217338
-0.101515787;-0.327492872;0.729438889;2.492551234;-3.376179502;-0.012813706
1.078554718;0.29154633;-1.953837541;-0.07295722;-0.544626023;-1.189699308
-2.142613878;0.272430164;0.696664673;0.046937203;0.241535912;1.07419904
2.464751714;0.14215052;2.485252704;0.214461431;1.414899052;0.243117832
-1.818127817;0.897347383;-1.812702583;-1.480721877;0.98765413;0.631420018
1.729829401;-0.668109654;-0.932285696;-1.75171129;1.482043793;-1.000357803
-0.911178262;-2.457294296;-1.427768772;1.740040161;-1.973935272;0.936283603
0.828544761;0.962195775;0.81395423;0.229718563;-0.281230917;1.531697523
0.815030096;-2.013890388;-0.694071043;-2.589969976;0.235198975;0.167188527
-0.98625376;1.297408912;-2.701478194;0.152854458;-2.103502088;0.314145983
-1.119624107;0.943212225;-0.241329554;0.938982385;-1.341237701;1.057837237
1.484967389;0.485684054;-0.588324435;-0.554031933;-1.078395038;-1.741026132
-0.867854177;-1.319198543;0.445644582;-2.779171209;-1.922713132;-1.01785737
-0.75843528;-2.288576026;0.098969701;-0.78721816;-2.999794333;-1.015828568
-0.485739553;-0.717258079;-1.505417616;4.258575681;0.288248231;-0.73453389
-0.441102141;0.412135918;-0.06712855;-0.309568875;-1.095076062;0.470420948
0.377059745;0.476768781;-0.664269332;0.699817203;-0.37709172;-1.613364851
0.571433645;-0.087917015;0.569329856;1.260347414;-2.713673227;0.671420765
-1.281371317;2.714583655;-2.242926795;-1.270005853;-3.308992246;1.251187114
-0.923987469;1.476450604;1.320711385;-0.628808335;-0.87684843;1.902893621
4.154637231;2.398863403;-0.508305854;-0.519967602;-1.680452234;0.608341881
-0.985903391;-0.463246588;0.213514315;1.337457494;1.262477867;-0.274832804
0.097958257;-0.857489517;-2.837468637;-2.571151795;-1.038216773;0.524684681
0.112907774;-0.966780199;0.716012669;0.642430174;2.94310888;-0.490501148
0.560101072;1.198271965;0.250046915;-1.546889301;0.388218328;0.228161515
-3.224487232;0.108648514;1.533224861;2.099549971;-1.925572114;0.715158492
-1.433920506;1.420768695;2.175645237;1.383534359;-0.18362006;-1.600714426
0.105082923;0.670893756;-3.437959965;0.815785377;2.21805119;-1.080106788
0.764472225;0.259786798;-0.575600305;-0.70227321;-1.974361299;-0.340458581
1.525460132;-1.566203691;0.271627208;2.062176491;-1.569080404;0.829565304
-1.122263044;-0.218330675;-0.620898683;-0.469372295;-0.59383367;1.61602205
-0.516619204;-0.878352845;-2.343049275;0.528448883;0.570627776;-0.055147586
1.649201927;1.397301503;0.514360757;0.154552685;-1.833092249;-1.068408803
0.853031863;1.600873244;-1.19804883;0.285250998;0.924660487;0.872519085
1.522481512;-1.126552326;-1.214254835;-2.916440252;1.41462566;0.52384524
-3.35416637;0.106740351;0.73279837;0.830758382;0.56250702;0.259069614
2.341925982;-0.41073646;1.484489598;-0.557585852;-1.86706187;2.355508685
-4.234813001;0.126584479;-2.717342493;-0.82726514;-1.730808631;1.309074523
2.188787997;0.69069697;0.645152163;2.468958177;1.800253241;-0.341851664
-1.245418426;0.653644156;-1.953814629;-2.008128274;-0.467498755;-0.291315108
-0.460565128;-1.704834021;-2.63175309;1.579413724;0.605850947;-0.145216256
-4.408980433;2.461288655;2.644050762;-0.502411459;-0.959231966;-2.395423595
0.579850435;-0.368419831;-1.793043337;0.203167517;2.040637073;2.27011406
1.557866224;2.846112674;0.30498639;0.92130455;0.238634966;-0.49039909
-0.842303807;-1.279742276;-2.182146942;0.683458846;0.984182184;-1.415333875
-1.741512398;2.056447566;0.63254934;0.863764597;-0.912113839;1.09201395
0.95539426;-1.121019414;-2.339780362;-2.335926523;2.958322999;0.446065532
4.031568077;-1.785679866;-0.221423316;-2.268319727;2.132867058;1.621664343
1.685909698;1.22495602;3.46649264;-0.540421227;-0.928587021;-0.428938312
-0.283739969;-0.93236582;-1.857544437;0.087574778;-0.611732393;0.062310536
0.941328435;-0.201553851;1.638835755;1.737200382;-2.095422285;0.00752528
1.231104102;-2.021416042;-0.101145595;-1.862866491;-0.409629557;1.488787309
0.192872248;-1.737996416;0.26584215;3.249052798;-0.327489231;-1.744571427
-1.836436721;-1.812423523;1.597986133;-0.481208066;-2.037339158;-0.175089714
1.314603609;1.847239272;2.612345054;0.490388821;-0.785534689;-0.834930561
3.241578483;0.496618445;-2.26480784;1.970730875;0.938736914;0.842598908
-2.597848854;-0.042361641;1.675942041;1.05167454;-1.847401768;-0.67710617
1.180861128;-1.210712586;-0.134146053;1.45203505;-0.692990377;0.899241234
-0.615903966;0.155638176;0.134257109;0.796070314;0.822271305;0.048536541
-3.88740584;0.459687014;-1.410040795;0.2366214;-1.836050424;0.236165559
1.252548001;0.159196363;0.005742283;0.819973061;0.810495623;0.667265478
1.723640062;0.778210161;0.513078093;0.023327047;0.365239915;0.527417858
-0.00615819;-1.389907028;-1.616273495;-0.214171495;1.572102903;-0.379857322
-2.020331172;1.78206362;-3.371162303;0.171833497;1.190023819;0.74216028
-0.329025598;-3.550617405;-1.7700437;-1.12600146;-1.500925961;0.969294093
2.480213557;0.139462384;-1.543385923;1.142179955;-1.410825202;0.305690645
0.74336995;-0.117219211;-0.948473777;-1.436527347;0.471501198;-1.179029403
0.28833324;0.235202411;-0.872493958;-2.132807628;-0.68062288;-1.610169064
1.302417354;-0.628542067;0.143319358;-0.218004042;-1.994924165;-2.173492928
-0.691563337;1.554084433;2.200973801;-1.16164003;-0.53814743;-1.034936432
-1.204801029;-2.211458651;-0.865856907;0.08702982;-1.374814997;0.653971582
-3.801696521;3.270324775;-0.636893495;2.733789493;1.180103833;-0.846030691
0.091476688;0.722948907;-1.467339084;0.942032557;-2.286119812;0.633048732
0.897521336;0.346844539;-0.014286407;0.630829066;-0.820490102;0.708974618
-0.414188617;-2.932185205;1.422384784;0.600339643;0.954909158;-1.862282167
-0.460047909;2.320607515;0.086005625;0.364187245;-0.768377513;-0.956979515
1.660333098;-0.458806913;2.225628045;1.94622833;-0.360616506;0.119505156
-0.020860721;0.15673799;-1.066520593;2.942323121;1.553735705;-0.085247374
-0.026011727;-0.611079494;0.562453524;-1.355662549;2.306069883;-0.322427549
1.209064671;1.319771536;0.465548703;1.657002548;-0.7401902;-0.870180878
-4.052130147;2.653342242;3.450741352;-0.329232386;1.72513916;-1.012960938
4.986995675;0.360612466;1.164093634;1.605884776;0.440806981;-2.342281918
0.624840628;0.830319935;-1.593113085;0.38942387;1.955881873;0.344294261
1.276331012;-2.767932473;-3.174756679;2.022675492;-0.222688568;-1.150160789
0.230709147;4.006258636;-1.444017167;-0.868528512;1.070285411;-0.458175935
-2.028813201;1.892713092;-0.301340273;-1.649639499;0.504549231;-0.081043933
0.421397574;-0.964229084;1.014121162;1.500592412;0.092408298;0.890285373
1.678092657;3.282418822;1.976318274;1.429516358;1.338210513;1.854015774
-2.067222637;1.27620181;-1.560711275;-1.824431838;-0.237367904;0.020341353
1.093766583;1.094401866;0.016567391;-0.027087662;-1.706312532;-0.425063974
0.221974432;0.067414839;-2.076639742;0.164566045;0.827927373;0.605527102
-0.253164444;2.424875939;-1.291647694;-1.730373876;-1.060134634;-0.25991482
-0.732479229;2.31196568;-1.406669884;-0.321267967;-2.871975662;-0.029532192
0.077962986;0.719451156;1.018838987;0.961326335;1.518058363;1.669897223
3.68966082;-2.691005379;2.065512054;-0.726482879;-1.365726225;-0.703852277
-0.946308578;0.05664263;1.020341295;0.296903778;0.525962937;-1.225550142
-0.570462176;0.686891312;2.334796289;-0.022473275;0.557391385;0.822726783
0.954868798;1.899989067;-0.22477303;1.305803863;-3.024420313;-0.905565822
-1.359974616;-2.383354648;0.263991161;-1.112236749;-1.010527712;1.032877062
-1.781596921;0.4821034;-0.250496236;2.588579651;0.830117687;-1.403062736
0.235049241;0.740560246;2.981840444;1.322841071;1.843315789;1.208273795
-5.300606888;0.456287426;2.021040795;-2.790629334;0.504054044;0.675622066
1.380061368;-0.76124492;-0.010689759;1.130912201;-1.552604897;0.415886108
-0.848067176;-0.889501097;-1.95351118;-1.223080128;0.0999923;-0.835384752
2.543527512;3.571140053;-0.151246662;-1.000935492;-0.20608824;0.48791831
0.820099104;-2.589982844;1.454759356;0.333123055;-0.198598915;-0.886075729
-2.106729484;-1.942443584;0.95405794;0.688904256;1.000140984;-0.95377591
-1.06228471;-0.936805558;-0.328037659;3.057352814;-1.568826238;1.509277562
-2.559674633;0.655710296;-1.719211739;-0.908459443;-0.348760592;-0.766554994
0.623894687;2.270318271;-1.123142035;1.519503878;-1.446508495;-0.871890449
-0.283634267;-0.347227266;0.124373275;-1.071987197;0.647570413;-1.822760347
-1.673381938;0.109212302;0.008556389;-0.455137109;2.715000161;-0.906371941
1.338986335;0.723500432;0.023579485;-2.272703428;0.27953001;-2.671877771
2.946225912;0.591795355;-0.745372798;-3.348727214;3.038694862;-0.92295964
1.215730399;-0.945443034;-0.603072891;-0.336242754;0.230355607;2.050362565
-1.343157393;1.489294169;-1.05852653;0.115324089;0.136515712;-2.239903344
-0.130361978;-1.020326548;-1.374619912;-0.524130843;1.212403799;-0.521358904
3.824440461;-0.969175739;1.335283735;0.5845635;-0.711891982;-0.642589266
0.238413504;-1.019689131;2.039385404;0.990150197;1.7759308;0.740383387
-0.328105263;-0.431153744;-1.648758277;1.270238295;-2.075863953;2.112171309
-2.53188546;0.077218797;1.832381537;0.350340348;-1.029566758;-0.962270425
0.284416905;0.255590868;-0.520012575;0.416656448;-0.133315374;0.142919714
3.275813259;-4.124571974;1.963191324;2.938182228;-0.06448309;-0.121489975
-0.264491262;1.446461792;-0.614506889;-1.281443731;2.713844818;-0.977119398
3.654184726;-1.576616091;-1.048658757;0.506418592;-1.813136323;0.833174882
-3.553572253;-2.220135215;2.295391544;1.546776933;0.092907796;-0.190991973
-0.022851201;-1.661974002;-4.375327792;1.229506242;-1.093523678;-0.529455278
0.702727322;2.380677478;-1.147126705;-0.392513601;-0.143672237;0.103044478
-3.19848722;0.265890798;1.714533073;-0.46852967;1.629001376;1.061960538
0.279199902;-0.922457245;-0.633491547;-1.594874938;0.723712973;0.289016164
4.042534762;2.192363552;-1.001596765;1.002024682;-1.472022295;0.736110051
0.198211902;-0.693340421;0.418708701;2.944975006;-0.574329043;0.317313918
1.06792585;1.245728637;0.025815365;0.561321079;-1.822780436;-0.6534485
-0.606586031;0.355320877;-0.484365646;1.094753791;2.164675686;-0.165219044
1.917864572;3.226456291;-3.497207005;-1.908237475;-1.281495939;-1.488651861
4.337795925;0.945191207;-1.459640622;-0.511076153;-0.40980494;2.434599913
-3.180301838;-0.641846637;0.678224334;0.556912675;0.768064217;-3.149388311
-2.08230806;-0.037913129;-0.880034152;0.010668385;-3.078223467;0.133748493
0.480736939;0.570593741;-1.16169917;0.246982516;0.006373762;0.297090192
-2.161378535;2.54546667;1.435677639;-1.836190028;-0.005609815;-1.27749931
1.580704308;0.776487426;-1.55166834;1.812948707;-0.714626493;0.504442623
-2.80773321;-0.065080514;1.540338987;0.959810968;0.961769537;0.59748823
0.084264795;1.170037756;2.031447016;-1.216486016;-1.093332857;-0.217966488
-1.495659086;-2.736216692;-1.550010544;0.209072568;-2.664584848;-0.481649527
1.940193489;-0.579089747;-0.990414775;2.298472054;-1.160205864;-0.064707341
-3.416249278;3.483371644;0.712067826;1.852475921;-0.017843647;-1.281212272
-2.619595142;-1.037596732;0.395154773;-0.386082597;0.870643462;-1.83230915
1.556064759;0.14976217;-1.418388327;1.032538848;1.660979719;1.690619629
1.170085724;1.759079037;0.921822236;-2.206966461;-0.194743112;-0.751442945
-2.010635905;0.655508002;-0.230943339;-1.551140981;2.380392949;0.318844609
2.318603717;0.056610454;-0.289817926;-2.224881529;-1.7302891;2.693663924
0.359720994;0.074469666;-0.701604192;-0.635909378;0.846083052;2.933073559
1.776725315;0.388476834;-1.806694495;0.001271159;0.074126321;1.785847801
-1.028273254;-0.707327277;-1.551614864;0.502463267;-0.885629259;0.808967337
1.254891812;0.164013574;-0.513937464;-1.082350599;-0.389644971;0.177647293
3.106733855;-1.044749134;-0.187280687;-0.815877506;0.255588045;1.905728732
-0.473232292;-1.015836371;-0.113240538;-3.424937403;1.749864861;1.773193308
-1.00317541;0.886019103;-0.002660561;1.884817928;2.072862007;0.839511675
1.280135052;0.100827163;1.088206404;2.091991579;-0.646437558;-1.149932446
1.197436835;-0.152519241;1.365581209;1.766759964;-0.252823938;-0.230032513
-2.672684305;0.383584612;0.801397598;-0.06782044;0.391698368;-0.453119143
0.60897905;2.134307008;-1.388536361;-0.95471843;0.694388654;-0.056936903
0.609441091;-0.385089632;-1.870896176;1.636526499;0.973769385;0.047845133
-1.010158027;-0.899730385;-0.822510729;-1.179427229;-1.746379572;0.021684291
-2.084553815;2.256817279;-3.152444746;-0.150607015;-0.15767622;0.919576942
-0.764032305;0.059775776;1.544054865;-2.471383687;-1.400986479;1.172113234
1.493047965;0.175263568;1.103773543;-1.65195714;-1.997417538;-1.281637779
-0.828579206;2.306454605;-0.171128972;1.994358937;1.172028563;1.190141099
-1.856971137;-1.047638305;1.351326783;2.539743942;0.702658794;-0.275812443
-2.190982968;0.142754356;-2.182511191;-0.882434938;-1.081746836;1.850352015
-0.485228918;1.847122449;0.403443536;0.195028928;-1.262462706;-1.807489356
-0.620165562;-1.36532755;-1.628431255;0.4626322;-0.860936039;-1.883412212
0.45795988;1.079118817;0.035928884;0.860496853;-2.995804519;-0.944656904
0.715210376;0.852864846;-0.103972556;-4.024577476;-2.566693857;0.208522099
-3.000761;2.876156875;0.143010081;-0.247877094;1.309024484;-1.617050623
1.220934897;0.158784978;0.692459282;-0.783737936;-1.099356238;-0.292432486
-0.016872621;-1.65279684;0.189113431;-0.492349548;3.225565875;-1.92044762
-0.11416004;-2.755889076;1.123527992;-1.347402508;0.002259263;0.018873288
-0.095956848;1.190606976;0.472428989;-0.819856195;2.990025625;-0.69811876
0.27030046;-1.431669783;-2.702164805;2.278038889;0.481075522;-0.730838667
0.837061107;2.538098994;1.343081868;3.416750547;0.436648332;1.903527276
-1.676061074;0.702589675;1.395202141;-2.234330324;-0.904375269;0.005420669
1.604905685;-0.433236915;-0.645005753;-2.259749563;0.080089909;0.390647124
-0.628038193;2.319842169;1.316310083;-0.401730945;-1.059942682;2.090649904
0.50653225;0.390881062;0.901404117;-0.163314951;2.295228983;-0.586410077
0.784663107;2.419870116;2.683277983;0.434902741;-0.085179409;-0.554682919
-0.222722515;-0.270112633;1.242100993;1.482914433;-0.977887723;-0.401430387
-1.925822369;3.843494468;2.029326141;-1.30967484;-2.867060036;0.291457407
-3.830052771;-2.595215369;-1.502411606;0.831867805;-1.408720994;0.480442669
1.805169751;1.844133079;-0.027472507;-1.115413623;0.675381721;1.449975438
-2.677199399;0.556275535;-2.571605552;-1.718374184;1.9005789;-0.123507798
-0.627277039;1.888669074;-2.397155918;-1.122168807;0.468416468;1.833541621
3.183685447;1.745098857;2.104462935;-0.857703861;-2.477226608;-1.564198653
-2.122141812;-1.504321469;0.438822409;1.883319193;-2.535781344;0.31072671
-1.52565944;-1.598463635;2.307593145;-1.98421994;0.542009853;-0.081127957
-0.476911114;3.522970993;0.508650624;0.10239623;2.343712118;-1.095393391
0.445972644;-1.412306202;-2.124484723;0.208076926;-0.208980327;-1.924360417
0.429164785;-2.834003985;2.001336742;-0.547586297;0.235813054;0.2828037
3.962085244;-1.939486848;5.202796026;0.113886043;0.632776614;-0.750785921
1.326618268;-1.046749546;-2.878761627;-0.744741003;3.298122992;2.435435348
0.044954859;-0.302938832;1.137641881;-0.048383115;-0.700182668;0.042082085
-5.471849363;-1.129120481;-1.435818628;0.876763193;-1.00891767;-0.347185804
-0.619381077;0.608049326;-0.410514224;-1.060405765;0.017255571;-1.060546838
-0.03400288;-0.091158943;1.563736221;0.247850184;0.007569912;1.092838458
-2.031993356;1.121523754;-2.679473598;0.339055876;-0.541102868;-1.884568574
1.52951551;0.883491031;1.947221297;0.750257121;0.292863926;-1.464050028
-0.537476057;0.72376956;1.452995671;-0.423725169;0.412852912;-0.557962782
-0.486757738;-0.639669252;-1.402404529;-0.995834858;-0.293467766;1.497759152
-1.027248544;2.67272226;-0.426140262;2.716514133;0.256681155;2.310757958
1.64319776;0.029690825;-1.688623896;-0.503693678;0.957858887;-0.602762122
0.078393425;0.561193949;-2.281747575;0.411435778;0.694728983;0.142393353
-0.788001447;0.552117884;0.164520333;-0.950169072;2.457349739;-0.226617649
-0.268593927;-1.247710188;-2.158224496;-1.959166193;1.103646703;-0.916413922
-0.813079158;-0.25392766;0.752022676;0.061880705;-1.587942043;1.355822693
3.003913172;1.939519759;2.418702972;0.070770948;0.937598022;-2.168861371
-2.359839149;1.028631723;0.114880248;-2.538395294;-1.010532794;-0.215472741
-0.002837461;0.914461096;-1.090773991;0.310801362;-0.767705215;-0.975182898
-1.588370321;0.044234138;2.511581907;0.776969862;-0.892137694;0.672310843
0.051505061;-1.82525524;1.524801977;0.223317488;-0.22481889;1.441518322
-2.714563287;-2.553750068;0.497113966;-0.702496376;1.073820953;2.046291421
-2.011655403;0.201409046;0.754307719;1.263768119;-1.234557715;-0.901533052
-0.321411906;1.996644632;-0.515577229;-2.264644964;1.789140211;-2.350404528
1.712352414;-1.945620869;0.700800175;3.21654884;2.430443453;-1.073756905
2.003280437;-0.717949345;-1.606058828;-0.932240439;0.256097257;2.489603293
1.939817281;-0.526265063;3.025275673;1.027132487;-0.041508627;0.977081766
-0.920814161;-0.542610505;1.664632467;1.243243822;0.161664188;1.521915452
-1.536386365;0.802907036;-0.326831782;-1.730364623;-0.107919353;1.329781869
-1.722909447;-0.636184856;2.713235334;0.02017137;0.023076172;0.279418236
-0.913225541;-2.165995619;-1.81210556;0.909235571;2.490857155;0.061719117
-0.3989385;2.832574567;1.007278175;1.529513166;-2.852251751;-1.541134395
-2.29639736;1.234801882;-1.293884855;-0.831725709;-2.117894895;-0.685019138
0.634441661;-2.315069274;-0.819368658;-2.73903837;1.074033379;0.236855816
1.896215954;-0.056549851;-1.992423757;-0.642285778;-2.491523714;1.176675231
0.006358851;2.394949191;0.048049926;-0.021572931;-1.978476829;0.087887246
-0.542278916;-3.245215166;-1.28921006;0.363237316;-0.96044744;2.448051969
-1.676226558;0.754538327;0.116147378;0.693883163;3.693612368;0.357974459
1.708211733;-0.193702843;0.322861482;-2.574127596;-0.404064628;-0.984406537
2.175736461;-0.857165578;0.419906063;-0.497153697;1.527031177;0.553417356
2.481374734;-0.29283608;-1.129152865;-0.702657829;1.806956472;-0.541919838
-2.407028808;0.269725321;1.322924978;-0.234383784;0.743564985;-0.488995527
2.522616471;-1.826259475;2.499256001;0.570762095;-3.775001328;0.243227079
2.358416928;-0.388373642;-0.189456414;1.814602482;-0.404188632;-0.437616089
1.330228746;-1.701714608;0.691394517;-1.009118763;-0.690112417;1.275162172
2.289320343;-2.62137692;-0.334408158;3.187780555;0.684802199;-1.287534672
0.911340614;-0.070115144;-3.17860294;0.083395021;1.141924842;0.684027743
-0.133753788;4.789852262;2.261858049;-2.48966748;-2.122166621;0.044167382
-0.197560855;1.894068652;0.835420648;0.642332911;-1.233893469;-0.942621877
-0.367910691;-0.590177812;0.385089349;0.21553481;-1.416006897;0.836242888
0.461216912;1.416618048;0.060979811;2.658976366;-0.883701486;-0.263255812
0.387091771;0.034486408;-1.973946958;-0.337853124;-3.822582428;-0.286440844
-1.199642386;-0.462688414;1.531222628;-1.565637701;-0.159928029;0.45787994
2.591693125;-0.033328178;1.330529501;-1.455656953;0.668669241;1.770741114
-2.85200036;-0.548195402;-0.407936193;-1.77552653;0.625188567;0.406534941
-0.322013204;1.830845528;2.572151655;-0.400541392;0.792976182;1.117566389
-4.507412961;2.248573607;1.656153816;0.283148705;-0.36502436;0.808483696
0.596966055;-1.551502907;-0.329823917;0.549532961;0.787795284;1.063141811
-1.106941794;-1.770840744;1.54929064;0.464419002;1.169851289;-0.941953858
0.350930136;-0.195316001;-0.348422936;0.708163312;-1.446587762;0.836773696
3.188947486;-0.960734406;1.054680468;0.57747096;0.179236129;-0.302866173
1.385516454;2.516371798;0.438762221;1.685894409;0.273946244;-1.943629383
0.93663913;0.69232467;-0.997208893;3.011038601;0.014910461;0.401420803
0.80641931;1.176081823;-1.051782411;-1.958307545;-0.67595086;0.58415757
4.283697831;0.78727801;1.474464981;-1.779165548;-0.309584978;1.739207108
2.926961547;0.200073067;0.396383894;0.337408288;-1.261405975;-0.458677189
0.800670071;1.711251401;2.267295272;-0.088241249;1.00928326;0.368986442
-0.176189689;-0.287811586;-0.219395519;-2.949838868;0.734590791;-1.306689013
0.596541697;0.805892084;1.002260151;-1.94769095;1.782355115;0.919181113
0.427644001;-1.165031935;-0.687778413;0.344788811;-1.048920208;-0.108375274
0.471534466;-0.44859658;1.266209352;-1.090761819;0.301002268;-2.108957129
2.518244522;-2.650624426;-3.619203959;-3.016390782;-0.302474592;1.430770179
1.603472524;0.173767481;-0.126260342;0.351083583;0.609319887;-0.595092809
1.893289494;-0.782050729;2.50091069;-1.398764051;1.597748637;1.688074602
-1.33859121;-2.772160768;0.457161881;-0.605808961;-1.164257279;0.749412145
-1.179475414;-1.329155187;1.84631612;-0.295075297;0.597974927;0.94497087
-0.551760207;0.899854659;1.413096795;2.521847867;0.437620723;-0.471225897
4.425571082;-0.173948732;-0.326685776;0.924383904;1.564151858;-0.214840134
